epoch,train_loss,val_loss,val_balanced_accuracy,val_macro_f1
1,1.0631347578018904,2.1873458166207587,0.39171101435252376,0.30950728660652327
2,0.9740261342376471,1.0243889966181345,0.5540811389867993,0.5446236559139784
3,0.9037332246080041,1.8615877372877938,0.4415416868247057,0.39395236057623734
4,0.8852201905101538,1.235457377774375,0.3950169327527819,0.3567863709707681
5,0.733445611782372,1.332141331263951,0.4414840924274887,0.4232162764771461
6,0.5884084389545023,1.4601230919361115,0.4733568318473978,0.46769323671497576
