epoch,train_loss,val_loss,val_balanced_accuracy,val_macro_f1,lr
1,0.901463532820344,1.0172313366617476,0.41223765752067637,0.4113899884485817,0.0001
2,0.5435286117717624,0.9382914956659079,0.5523187504319579,0.5511428571428572,9.829629131445342e-05
3,0.45958575513213873,0.9019521081021854,0.6328357177413781,0.6302213482992639,9.330127018922195e-05
4,0.29689385811798275,1.2357892841100693,0.6342986154306909,0.6226525290890457,8.535533905932738e-05
5,0.3056602858705446,0.93149568233639,0.6835763816895892,0.6843835876616632,7.500000000000001e-05
6,0.19353404801313445,1.0784197742385524,0.6462091367751744,0.6163939906809587,6.294095225512605e-05
7,0.1289516968827229,1.31010893506131,0.6153155021079549,0.614688650820221,5.000000000000001e-05
8,0.07552883958123857,1.3602927686380488,0.6543875411799941,0.6479419703103914,3.705904774487398e-05
9,0.05738663087686291,1.4493091820207025,0.6409565277489806,0.6413129354305825,2.5000000000000018e-05
