epoch,train_loss,val_loss,val_balanced_accuracy,val_macro_f1
1,1.1587770115584135,0.9145393541881016,0.4739788513373419,0.384992784992785
2,0.7829001732170582,0.7517438403197697,0.6331467274863501,0.6086582173853148
3,0.6106640351936221,0.5965995203171458,0.7375423318819546,0.7412217412217412
4,0.6295304377563298,0.7865365807499204,0.6861335729260257,0.6036275653036002
5,0.4509252496063709,0.7641398257442883,0.6580505448429976,0.6641574770131852
6,0.49194458965212107,0.671853069216013,0.6907756813417191,0.6794597290971183
7,0.22767053241841495,0.9211806990206242,0.6543875411799941,0.6478428529399404
