epoch,train_loss,val_loss,val_balanced_accuracy,val_macro_f1
1,1.2058862689882517,1.1495432342801775,0.3333333333333333,0.1793103448275862
2,1.1359586585313082,1.0300303186689104,0.4347685857119819,0.391358024691358
3,1.0817392971366644,1.0044640898704529,0.44605708756652157,0.3867231638418079
4,1.1179345436394215,1.0704705033983504,0.43891538231160876,0.29187482055699104
5,0.9453169722110033,0.9282094878809792,0.5405234178819085,0.47295161903102545
6,0.9392886590212584,1.101445734500885,0.4501578086483747,0.33864170167719737
7,0.8871798925101757,1.1377053260803223,0.4785403275969314,0.4035705896171012
8,0.9218791127204895,1.1197621311460222,0.4561245882000599,0.3771081022543011
9,0.8167498176917434,1.054126194545201,0.47774552491533623,0.45
