epoch,train_loss,val_loss,val_balanced_accuracy,val_macro_f1,lr,train_cls_loss,train_ord_loss
1,0.9284140981035307,0.8172778146607536,0.5166447807957242,0.3832833832833833,0.0001,0.9284140981035307,0.0
2,0.5573336806846783,0.7199434765747615,0.6097518833367889,0.5367490013858319,9.829629131445342e-05,0.5573336806846783,0.0
3,0.44074612436816096,0.9948740473815373,0.5974151634528994,0.5901043834096269,9.330127018922195e-05,0.44074612436816096,0.0
4,0.3332715812139213,0.8464491601501193,0.5586541341258323,0.5538029782359679,8.535533905932738e-05,0.3332715812139213,0.0
5,0.3658137549646199,0.7462014353701046,0.7086645011173314,0.6646357851145029,7.500000000000001e-05,0.3658137549646199,0.0
6,0.17436897550578578,1.036079459823668,0.6517612366668971,0.6497458242556281,6.294095225512605e-05,0.17436897550578578,0.0
7,0.2317282133444678,1.0049190212573325,0.6723339553528233,0.6492646492646492,5.000000000000001e-05,0.2317282133444678,0.0
8,0.14620922441827133,1.0323162020317145,0.6603082452139056,0.6595402298850576,3.705904774487398e-05,0.14620922441827133,0.0
9,0.09518348858182435,1.070127201931817,0.7042066947727325,0.6729392437437577,2.5000000000000018e-05,0.09518348858182435,0.0
