{
  "config_path": "configs/phase1/train_pattern3_phase1_A6_multiscale_ordinal_smooth.yaml",
  "device": "cuda",
  "val": {
    "accuracy": 0.6698113207547169,
    "balanced_accuracy": 0.6929066740387495,
    "classification_report": {
      "accuracy": 0.6698113207547169,
      "flaky": {
        "f1-score": 0.4444444444444444,
        "precision": 0.3,
        "recall": 0.8571428571428571,
        "support": 14.0
      },
      "macro avg": {
        "f1-score": 0.6185013981624151,
        "precision": 0.6782608695652174,
        "recall": 0.6929066740387495,
        "support": 106.0
      },
      "point_flaky_mixed": {
        "f1-score": 0.5423728813559322,
        "precision": 0.8,
        "recall": 0.41025641025641024,
        "support": 39.0
      },
      "point_like": {
        "f1-score": 0.8686868686868687,
        "precision": 0.9347826086956522,
        "recall": 0.8113207547169812,
        "support": 53.0
      },
      "weighted avg": {
        "f1-score": 0.6925959305236569,
        "precision": 0.8013535684987696,
        "recall": 0.6698113207547169,
        "support": 106.0
      }
    },
    "ece": 0.2663040273594406,
    "macro_f1": 0.6185013981624151,
    "mean_brier_like": 0.2957535982131958,
    "pr_auc_macro_ovr": 0.6468610072596277,
    "roc_auc_macro_ovr": 0.8033204342926222,
    "weighted_f1": 0.6925959305236569
  }
}