epoch,train_loss,val_loss,val_balanced_accuracy,val_macro_f1
1,0.9123315289616585,0.9905693233013153,0.5273227820397631,0.5167766776677668
