epoch,train_loss,val_loss,val_balanced_accuracy,val_macro_f1
1,0.978510957211256,1.3547047504356928,0.5247079964061095,0.3619361936193619
2,0.6677434052107856,1.5963040419987269,0.4992282350772917,0.3959574959574959
3,0.5787789565511048,0.941430104630334,0.5641486396203378,0.5570725570725571
4,0.44549785694107413,0.8149738290480205,0.6431566337226715,0.6423499361430396
5,0.3985662143677473,0.7639349385031632,0.670997765337388,0.6697128162645404
6,0.15648917976068333,0.9341552401227611,0.6049369917294446,0.6006820499745028
7,0.16775400037295185,0.9353935272832002,0.6179418066210519,0.6096448722918552
8,0.12898675096221268,1.2185061113642794,0.6261202110258713,0.6280875327477269
9,0.0736724853341002,1.1638670953522836,0.653961342640588,0.6552028218694885
