{
  "config_path": "configs/phase1/train_pattern3_phase1_A0_baseline.yaml",
  "device": "cuda",
  "val": {
    "accuracy": 0.8207547169811321,
    "balanced_accuracy": 0.726795217361255,
    "classification_report": {
      "accuracy": 0.8207547169811321,
      "flaky": {
        "f1-score": 0.46153846153846156,
        "precision": 0.5,
        "recall": 0.42857142857142855,
        "support": 14.0
      },
      "macro avg": {
        "f1-score": 0.7295860064604948,
        "precision": 0.7366666666666667,
        "recall": 0.726795217361255,
        "support": 106.0
      },
      "point_flaky_mixed": {
        "f1-score": 0.7951807228915663,
        "precision": 0.75,
        "recall": 0.8461538461538461,
        "support": 39.0
      },
      "point_like": {
        "f1-score": 0.9320388349514563,
        "precision": 0.96,
        "recall": 0.9056603773584906,
        "support": 53.0
      },
      "weighted avg": {
        "f1-score": 0.8195438198748748,
        "precision": 0.8219811320754716,
        "recall": 0.8207547169811321,
        "support": 106.0
      }
    },
    "ece": 0.17008001005874487,
    "macro_f1": 0.7295860064604948,
    "mean_brier_like": 0.18553118407726288,
    "pr_auc_macro_ovr": 0.6729903176472423,
    "roc_auc_macro_ovr": 0.8481320963558286,
    "weighted_f1": 0.8195438198748748
  }
}