{
  "config_path": "configs/train_convnextv2_paper.yaml",
  "device": "cuda",
  "test": {
    "accuracy": 0.5370370370370371,
    "balanced_accuracy": 0.5274708729993284,
    "classification_report": {
      "accuracy": 0.5370370370370371,
      "flaky": {
        "f1-score": 0.42105263157894735,
        "precision": 0.32,
        "recall": 0.6153846153846154,
        "support": 13.0
      },
      "macro avg": {
        "f1-score": 0.46106650807810484,
        "precision": 0.4534320175438597,
        "recall": 0.5274708729993284,
        "support": 108.0
      },
      "point_flaky_mixed": {
        "f1-score": 0.23333333333333334,
        "precision": 0.3684210526315789,
        "recall": 0.17073170731707318,
        "support": 41.0
      },
      "point_like": {
        "f1-score": 0.7288135593220338,
        "precision": 0.671875,
        "recall": 0.7962962962962963,
        "support": 54.0
      },
      "weighted avg": {
        "f1-score": 0.5036692877831741,
        "precision": 0.5143195662768031,
        "recall": 0.5370370370370371,
        "support": 108.0
      }
    },
    "ece": 0.08664338539044063,
    "macro_f1": 0.46106650807810484,
    "mean_brier_like": 0.3253987729549408,
    "pr_auc_macro_ovr": 0.5377578506513595,
    "roc_auc_macro_ovr": 0.7367507482481038,
    "weighted_f1": 0.5036692877831741
  },
  "val": {
    "accuracy": 0.5471698113207547,
    "balanced_accuracy": 0.5405234178819085,
    "classification_report": {
      "accuracy": 0.5471698113207547,
      "flaky": {
        "f1-score": 0.391304347826087,
        "precision": 0.28125,
        "recall": 0.6428571428571429,
        "support": 14.0
      },
      "macro avg": {
        "f1-score": 0.47295161903102545,
        "precision": 0.5120039682539682,
        "recall": 0.5405234178819085,
        "support": 106.0
      },
      "point_flaky_mixed": {
        "f1-score": 0.3018867924528302,
        "precision": 0.5714285714285714,
        "recall": 0.20512820512820512,
        "support": 39.0
      },
      "point_like": {
        "f1-score": 0.7256637168141593,
        "precision": 0.6833333333333333,
        "recall": 0.7735849056603774,
        "support": 53.0
      },
      "weighted avg": {
        "f1-score": 0.5255851204375098,
        "precision": 0.5890554806828392,
        "recall": 0.5471698113207547,
        "support": 106.0
      }
    },
    "ece": 0.11537444872676203,
    "macro_f1": 0.47295161903102545,
    "mean_brier_like": 0.33030644059181213,
    "pr_auc_macro_ovr": 0.5294120679934045,
    "roc_auc_macro_ovr": 0.7214234028897497,
    "weighted_f1": 0.5255851204375098
  }
}