{
  "config_path": "configs/train_vgg16_raw.yaml",
  "device": "cuda",
  "test": {
    "accuracy": 0.6944444444444444,
    "balanced_accuracy": 0.7162578463391472,
    "classification_report": {
      "accuracy": 0.6944444444444444,
      "flaky": {
        "f1-score": 0.46808510638297873,
        "precision": 0.3235294117647059,
        "recall": 0.8461538461538461,
        "support": 13.0
      },
      "macro avg": {
        "f1-score": 0.6425358430711657,
        "precision": 0.666813455090468,
        "recall": 0.7162578463391472,
        "support": 108.0
      },
      "point_flaky_mixed": {
        "f1-score": 0.5882352941176471,
        "precision": 0.7407407407407407,
        "recall": 0.4878048780487805,
        "support": 41.0
      },
      "point_like": {
        "f1-score": 0.8712871287128713,
        "precision": 0.9361702127659575,
        "recall": 0.8148148148148148,
        "support": 54.0
      },
      "weighted avg": {
        "f1-score": 0.7152986888175676,
        "precision": 0.7882355945617894,
        "recall": 0.6944444444444444,
        "support": 108.0
      }
    },
    "ece": 0.1328128018864879,
    "macro_f1": 0.6425358430711657,
    "mean_brier_like": 0.22786657512187958,
    "pr_auc_macro_ovr": 0.7776130757653711,
    "roc_auc_macro_ovr": 0.9101405073015664,
    "weighted_f1": 0.7152986888175676
  },
  "val": {
    "accuracy": 0.6792452830188679,
    "balanced_accuracy": 0.618368005160458,
    "classification_report": {
      "accuracy": 0.6792452830188679,
      "flaky": {
        "f1-score": 0.3333333333333333,
        "precision": 0.25,
        "recall": 0.5,
        "support": 14.0
      },
      "macro avg": {
        "f1-score": 0.5979004653109855,
        "precision": 0.6161904761904763,
        "recall": 0.618368005160458,
        "support": 106.0
      },
      "point_flaky_mixed": {
        "f1-score": 0.5671641791044776,
        "precision": 0.6785714285714286,
        "recall": 0.48717948717948717,
        "support": 39.0
      },
      "point_like": {
        "f1-score": 0.8932038834951457,
        "precision": 0.92,
        "recall": 0.8679245283018868,
        "support": 53.0
      },
      "weighted avg": {
        "f1-score": 0.699300712047019,
        "precision": 0.7426819407008086,
        "recall": 0.6792452830188679,
        "support": 106.0
      }
    },
    "ece": 0.10181391435974049,
    "macro_f1": 0.5979004653109855,
    "mean_brier_like": 0.269701212644577,
    "pr_auc_macro_ovr": 0.6122572580659428,
    "roc_auc_macro_ovr": 0.8113695698700466,
    "weighted_f1": 0.699300712047019
  }
}