{
  "config_path": "configs/train_convnextv2_raw.yaml",
  "device": "cuda",
  "test": {
    "accuracy": 0.7870370370370371,
    "balanced_accuracy": 0.6963032450837329,
    "classification_report": {
      "accuracy": 0.7870370370370371,
      "flaky": {
        "f1-score": 0.48,
        "precision": 0.5,
        "recall": 0.46153846153846156,
        "support": 13.0
      },
      "macro avg": {
        "f1-score": 0.7006698564593301,
        "precision": 0.7092592592592593,
        "recall": 0.6963032450837329,
        "support": 108.0
      },
      "point_flaky_mixed": {
        "f1-score": 0.7272727272727273,
        "precision": 0.7777777777777778,
        "recall": 0.6829268292682927,
        "support": 41.0
      },
      "point_like": {
        "f1-score": 0.8947368421052632,
        "precision": 0.85,
        "recall": 0.9444444444444444,
        "support": 54.0
      },
      "weighted avg": {
        "f1-score": 0.7812404749246854,
        "precision": 0.7804526748971193,
        "recall": 0.7870370370370371,
        "support": 108.0
      }
    },
    "ece": 0.0866278120213085,
    "macro_f1": 0.7006698564593301,
    "mean_brier_like": 0.17209236323833466,
    "pr_auc_macro_ovr": 0.7363864854786167,
    "roc_auc_macro_ovr": 0.8945732990877993,
    "weighted_f1": 0.7812404749246854
  },
  "val": {
    "accuracy": 0.8207547169811321,
    "balanced_accuracy": 0.7375423318819546,
    "classification_report": {
      "accuracy": 0.8207547169811321,
      "flaky": {
        "f1-score": 0.5185185185185185,
        "precision": 0.5384615384615384,
        "recall": 0.5,
        "support": 14.0
      },
      "macro avg": {
        "f1-score": 0.7412217412217412,
        "precision": 0.7456753772543245,
        "recall": 0.7375423318819546,
        "support": 106.0
      },
      "point_flaky_mixed": {
        "f1-score": 0.7792207792207793,
        "precision": 0.7894736842105263,
        "recall": 0.7692307692307693,
        "support": 39.0
      },
      "point_like": {
        "f1-score": 0.9259259259259259,
        "precision": 0.9090909090909091,
        "recall": 0.9433962264150944,
        "support": 53.0
      },
      "weighted avg": {
        "f1-score": 0.818140978518337,
        "precision": 0.8161297490989645,
        "recall": 0.8207547169811321,
        "support": 106.0
      }
    },
    "ece": 0.08428085047119066,
    "macro_f1": 0.7412217412217412,
    "mean_brier_like": 0.16240918636322021,
    "pr_auc_macro_ovr": 0.7325628070766917,
    "roc_auc_macro_ovr": 0.898144053280742,
    "weighted_f1": 0.818140978518337
  }
}