{
  "config_path": "configs/phase1/train_pattern3_phase1_A2_label_smoothing.yaml",
  "device": "cuda",
  "val": {
    "accuracy": 0.6698113207547169,
    "balanced_accuracy": 0.6714124449973506,
    "classification_report": {
      "accuracy": 0.6698113207547169,
      "flaky": {
        "f1-score": 0.425531914893617,
        "precision": 0.30303030303030304,
        "recall": 0.7142857142857143,
        "support": 14.0
      },
      "macro avg": {
        "f1-score": 0.6266924564796905,
        "precision": 0.6552237349338798,
        "recall": 0.6714124449973506,
        "support": 106.0
      },
      "point_flaky_mixed": {
        "f1-score": 0.6666666666666666,
        "precision": 0.8148148148148148,
        "recall": 0.5641025641025641,
        "support": 39.0
      },
      "point_like": {
        "f1-score": 0.7878787878787878,
        "precision": 0.8478260869565217,
        "recall": 0.7358490566037735,
        "support": 53.0
      },
      "weighted avg": {
        "f1-score": 0.6954247411894943,
        "precision": 0.7637262700839403,
        "recall": 0.6698113207547169,
        "support": 106.0
      }
    },
    "ece": 0.1269984169388717,
    "macro_f1": 0.6266924564796905,
    "mean_brier_like": 0.26321789622306824,
    "pr_auc_macro_ovr": 0.709353371713992,
    "roc_auc_macro_ovr": 0.8427850422285664,
    "weighted_f1": 0.6954247411894943
  }
}