epoch,train_loss,val_loss,val_balanced_accuracy,val_macro_f1
1,1.4008199106901884,1.0230015005384172,0.4320270924044509,0.39700680272108846
2,1.0734132658690214,1.0550221800804138,0.42602575621443545,0.36317348412523565
3,0.9905268400907516,0.8379213511943817,0.5565231414288018,0.517478152309613
4,1.0318598663434386,0.989124962261745,0.5838574423480084,0.5607008267529365
5,0.8112009838223457,0.7894300371408463,0.618368005160458,0.5979004653109855
6,0.6957847173325717,0.8181417020303863,0.5600018430207109,0.5585801809613767
7,0.6477952413260937,0.7461087043796267,0.6040845946506324,0.6064370412196499
8,0.6244930000975728,0.8041372895240784,0.5568917455709909,0.5544703207088528
9,0.5433203955180943,0.7510580569505692,0.5955951805008408,0.5899832801337589
