epoch,train_loss,val_loss,val_balanced_accuracy,val_macro_f1,lr,train_cls_loss,train_ord_loss
1,0.26358881825581193,0.7927061037293502,0.673313060105513,0.6706054120971391,2e-05,0.16032185638323426,2.0653392374515533
2,0.21682296181097627,0.8227868042886257,0.6800285668210196,0.6743292877674865,1.866025403784439e-05,0.12905969234998338,1.7552653402090073
3,0.18016573856584728,0.8168752454221249,0.7245375169903472,0.7236263736263736,1.5000000000000004e-05,0.10450743202818558,1.5131661035120487
4,0.17582001257687807,0.9066250840468066,0.6643398530190984,0.6637218990160166,1.0000000000000003e-05,0.11032438586698845,1.3099125102162361
5,0.15910565969534218,0.8881454015416759,0.6858916764577142,0.6848712636199151,5.000000000000004e-06,0.09882041189121082,1.205704951658845
6,0.12050955602899194,0.8947019976164613,0.6921809846338148,0.6914835164835166,1.3397459621556134e-06,0.06183431204408407,1.1735048573464155
