epoch,train_loss,val_loss,val_balanced_accuracy,val_macro_f1,lr
1,0.9747612234205008,1.2611203044652939,0.48121270762780194,0.3250624030223302,0.0001
2,0.5635239039547741,0.8219935042517525,0.6911903610016817,0.6377927768220993,9.829629131445342e-05
3,0.4800839200615883,0.8366305487496513,0.6637869468058147,0.6408255821977294,9.330127018922195e-05
4,0.43627203442156315,0.8568077428000314,0.6668970442555349,0.6197093445845107,8.535533905932738e-05
5,0.26583524647867307,0.9669161715677806,0.65170364226968,0.6512388250319284,7.500000000000001e-05
6,0.23811075242701918,1.0401428661176138,0.6377773170226001,0.6275886275886277,6.294095225512605e-05
