{
  "config_path": "configs/train_alexnet_paper.yaml",
  "device": "cuda",
  "test": {
    "accuracy": 0.5185185185185185,
    "balanced_accuracy": 0.5151251939869826,
    "classification_report": {
      "accuracy": 0.5185185185185185,
      "flaky": {
        "f1-score": 0.3404255319148936,
        "precision": 0.23529411764705882,
        "recall": 0.6153846153846154,
        "support": 13.0
      },
      "macro avg": {
        "f1-score": 0.4401811936661533,
        "precision": 0.45545235638114895,
        "recall": 0.5151251939869826,
        "support": 108.0
      },
      "point_flaky_mixed": {
        "f1-score": 0.2413793103448276,
        "precision": 0.4117647058823529,
        "recall": 0.17073170731707318,
        "support": 41.0
      },
      "point_like": {
        "f1-score": 0.7387387387387387,
        "precision": 0.7192982456140351,
        "recall": 0.7592592592592593,
        "support": 54.0
      },
      "weighted avg": {
        "f1-score": 0.5019812549159578,
        "precision": 0.5442896456828346,
        "recall": 0.5185185185185185,
        "support": 108.0
      }
    },
    "ece": 0.16751705165262576,
    "macro_f1": 0.4401811936661533,
    "mean_brier_like": 0.31484684348106384,
    "pr_auc_macro_ovr": 0.5731378935885515,
    "roc_auc_macro_ovr": 0.7461124009527809,
    "weighted_f1": 0.5019812549159578
  },
  "val": {
    "accuracy": 0.5471698113207547,
    "balanced_accuracy": 0.532034003732117,
    "classification_report": {
      "accuracy": 0.5471698113207547,
      "flaky": {
        "f1-score": 0.3404255319148936,
        "precision": 0.24242424242424243,
        "recall": 0.5714285714285714,
        "support": 14.0
      },
      "macro avg": {
        "f1-score": 0.48821246187831474,
        "precision": 0.5109922756981581,
        "recall": 0.532034003732117,
        "support": 106.0
      },
      "point_flaky_mixed": {
        "f1-score": 0.39344262295081966,
        "precision": 0.5454545454545454,
        "recall": 0.3076923076923077,
        "support": 39.0
      },
      "point_like": {
        "f1-score": 0.7307692307692307,
        "precision": 0.7450980392156863,
        "recall": 0.7169811320754716,
        "support": 53.0
      },
      "weighted avg": {
        "f1-score": 0.5551036695533934,
        "precision": 0.6052534221235664,
        "recall": 0.5471698113207547,
        "support": 106.0
      }
    },
    "ece": 0.15224618338189036,
    "macro_f1": 0.48821246187831474,
    "mean_brier_like": 0.3322785198688507,
    "pr_auc_macro_ovr": 0.5238017999618143,
    "roc_auc_macro_ovr": 0.7318391682534275,
    "weighted_f1": 0.5551036695533934
  }
}