{
  "config_path": "configs/train_vgg16_paper.yaml",
  "device": "cuda",
  "test": {
    "accuracy": 0.5370370370370371,
    "balanced_accuracy": 0.4691705464063188,
    "classification_report": {
      "accuracy": 0.5370370370370371,
      "flaky": {
        "f1-score": 0.32,
        "precision": 0.3333333333333333,
        "recall": 0.3076923076923077,
        "support": 13.0
      },
      "macro avg": {
        "f1-score": 0.47082678638234193,
        "precision": 0.47301587301587295,
        "recall": 0.4691705464063188,
        "support": 108.0
      },
      "point_flaky_mixed": {
        "f1-score": 0.41975308641975306,
        "precision": 0.425,
        "recall": 0.4146341463414634,
        "support": 41.0
      },
      "point_like": {
        "f1-score": 0.6727272727272727,
        "precision": 0.6607142857142857,
        "recall": 0.6851851851851852,
        "support": 54.0
      },
      "weighted avg": {
        "f1-score": 0.5342328636155796,
        "precision": 0.531823192239859,
        "recall": 0.5370370370370371,
        "support": 108.0
      }
    },
    "ece": 0.07449838960612264,
    "macro_f1": 0.47082678638234193,
    "mean_brier_like": 0.33750519156455994,
    "pr_auc_macro_ovr": 0.5304416648497632,
    "roc_auc_macro_ovr": 0.730750982865121,
    "weighted_f1": 0.5342328636155796
  },
  "val": {
    "accuracy": 0.6132075471698113,
    "balanced_accuracy": 0.5613380330361463,
    "classification_report": {
      "accuracy": 0.6132075471698113,
      "flaky": {
        "f1-score": 0.4444444444444444,
        "precision": 0.46153846153846156,
        "recall": 0.42857142857142855,
        "support": 14.0
      },
      "macro avg": {
        "f1-score": 0.5643954522459195,
        "precision": 0.5679012345679012,
        "recall": 0.5613380330361463,
        "support": 106.0
      },
      "point_flaky_mixed": {
        "f1-score": 0.5384615384615384,
        "precision": 0.5384615384615384,
        "recall": 0.5384615384615384,
        "support": 39.0
      },
      "point_like": {
        "f1-score": 0.7102803738317757,
        "precision": 0.7037037037037037,
        "recall": 0.7169811320754716,
        "support": 53.0
      },
      "weighted avg": {
        "f1-score": 0.6119536041066636,
        "precision": 0.6109229694135354,
        "recall": 0.6132075471698113,
        "support": 106.0
      }
    },
    "ece": 0.10173344837044768,
    "macro_f1": 0.5643954522459195,
    "mean_brier_like": 0.33696967363357544,
    "pr_auc_macro_ovr": 0.5237020093821048,
    "roc_auc_macro_ovr": 0.7193841161168647,
    "weighted_f1": 0.6119536041066636
  }
}