epoch,train_loss,val_loss,val_balanced_accuracy,val_macro_f1,lr
1,0.890330039896071,1.1448939612933569,0.5287971986085194,0.41290877407382265,0.0001
2,0.748998093418777,1.0703728539603097,0.634045200082936,0.5538829151732377,9.829629131445342e-05
3,0.4448421982815489,0.855437913111278,0.6418550003455664,0.6169800025764016,9.330127018922195e-05
4,0.42463559098541737,0.781913871211665,0.6875964706153385,0.6555084079836555,8.535533905932738e-05
5,0.2814374677836895,0.8615813090332917,0.6692238579031032,0.6655122655122655,7.500000000000001e-05
6,0.2917006768184365,1.0446908942290716,0.6184831939548922,0.611870585554796,6.294095225512605e-05
7,0.09343725518556312,1.075199046704386,0.6728868615661069,0.6759631022149796,5.000000000000001e-05
8,0.10731309671245981,1.2108133980738265,0.6427880295804823,0.6404836797287631,3.705904774487398e-05
