epoch,train_loss,val_loss,val_balanced_accuracy,val_macro_f1,lr,train_cls_loss,train_ord_loss
1,0.3621248588897288,0.7325476237705776,0.7034118920911373,0.6988562091503269,2e-05,0.17117914016125724,1.9094571471214294
2,0.2873873761855066,0.7693207125578608,0.7038380906305436,0.6941894347662615,1.866025403784439e-05,0.14318656624527648,1.4420080501586199
3,0.23687342694029212,0.7604031663920198,0.7245375169903472,0.7236263736263736,1.5000000000000004e-05,0.11979717353824526,1.17076251283288
4,0.2179027977399528,0.8449014744588307,0.6643398530190984,0.6637218990160166,1.0000000000000003e-05,0.11938498157542199,0.9851781167089939
5,0.19755826238542795,0.83019201031753,0.6858916764577142,0.6848712636199151,5.000000000000004e-06,0.10913428850471973,0.8842397127300501
6,0.16006417432799935,0.8330732967172351,0.6858916764577142,0.6848712636199151,1.3397459621556134e-06,0.07498247869079933,0.8508169278502464
