epoch,train_loss,val_loss,val_balanced_accuracy,val_macro_f1,lr,train_cls_loss,train_ord_loss
1,1.0134812365286052,1.3405338866370065,0.421015043656553,0.2911300847524254,0.0001,1.0134812365286052,0.0
2,0.7094087041914463,1.014200142451695,0.6552284193793628,0.596489219844483,9.829629131445342e-05,0.7094087041914463,0.0
3,0.524703748524189,0.9339390056473869,0.6714124449973506,0.6266924564796905,9.330127018922195e-05,0.524703748524189,0.0
4,0.4604577422142029,0.9036662748881749,0.6696500564425093,0.6565156304882332,8.535533905932738e-05,0.4604577422142029,0.0
5,0.39213342824950814,0.9134420241628375,0.6583500357085263,0.60985495985496,7.500000000000001e-05,0.39213342824950814,0.0
6,0.3802046375349164,0.8912096193858555,0.6282627226023453,0.6204348940076078,6.294095225512605e-05,0.3802046375349164,0.0
7,0.32238200260326266,0.9837224398340497,0.6368673255465708,0.6336904761904761,5.000000000000001e-05,0.32238200260326266,0.0
