{
  "config_path": "configs/train_resnet18_raw.yaml",
  "device": "cuda",
  "test": {
    "accuracy": 0.7222222222222222,
    "balanced_accuracy": 0.6277534570217497,
    "classification_report": {
      "accuracy": 0.7222222222222222,
      "flaky": {
        "f1-score": 0.43478260869565216,
        "precision": 0.5,
        "recall": 0.38461538461538464,
        "support": 13.0
      },
      "macro avg": {
        "f1-score": 0.636446710273182,
        "precision": 0.6515283210198465,
        "recall": 0.6277534570217497,
        "support": 108.0
      },
      "point_flaky_mixed": {
        "f1-score": 0.625,
        "precision": 0.6410256410256411,
        "recall": 0.6097560975609756,
        "support": 41.0
      },
      "point_like": {
        "f1-score": 0.8495575221238938,
        "precision": 0.8135593220338984,
        "recall": 0.8888888888888888,
        "support": 54.0
      },
      "weighted avg": {
        "f1-score": 0.714382223219757,
        "precision": 0.7103171728877945,
        "recall": 0.7222222222222222,
        "support": 108.0
      }
    },
    "ece": 0.1430838930386084,
    "macro_f1": 0.636446710273182,
    "mean_brier_like": 0.2141723781824112,
    "pr_auc_macro_ovr": 0.7620425118204884,
    "roc_auc_macro_ovr": 0.8641205470627987,
    "weighted_f1": 0.714382223219757
  },
  "val": {
    "accuracy": 0.7547169811320755,
    "balanced_accuracy": 0.673739258644919,
    "classification_report": {
      "accuracy": 0.7547169811320755,
      "flaky": {
        "f1-score": 0.4444444444444444,
        "precision": 0.46153846153846156,
        "recall": 0.42857142857142855,
        "support": 14.0
      },
      "macro avg": {
        "f1-score": 0.6751826417940553,
        "precision": 0.6786523553965415,
        "recall": 0.673739258644919,
        "support": 106.0
      },
      "point_flaky_mixed": {
        "f1-score": 0.7073170731707317,
        "precision": 0.6744186046511628,
        "recall": 0.7435897435897436,
        "support": 39.0
      },
      "point_like": {
        "f1-score": 0.8737864077669902,
        "precision": 0.9,
        "recall": 0.8490566037735849,
        "support": 53.0
      },
      "weighted avg": {
        "f1-score": 0.7558327140333136,
        "precision": 0.7590930570088096,
        "recall": 0.7547169811320755,
        "support": 106.0
      }
    },
    "ece": 0.11015785021601981,
    "macro_f1": 0.6751826417940553,
    "mean_brier_like": 0.19149719178676605,
    "pr_auc_macro_ovr": 0.6952645899105875,
    "roc_auc_macro_ovr": 0.8433039685020375,
    "weighted_f1": 0.7558327140333136
  }
}