{
  "config_path": "configs/model_improve/train_pattern3_officialinit_ordinalaux_v1.yaml",
  "data_provenance": {
    "manifest": {
      "exists": true,
      "git_tracked": false,
      "path": "data/interim/manifests/manifest.csv",
      "sha256": "a7efafece1924bf38d953e24b7b15ce2aa517d7e3058a5becd12fe950464ec3b",
      "size_bytes": 197466
    },
    "split_file": {
      "exists": true,
      "git_tracked": false,
      "path": "data/interim/split_files/pattern_3class_holdout.csv",
      "sha256": "9e37a668b20a6b9f988ebcfbde9b46824a438cad5aa04ca18445ae8db0d72021",
      "size_bytes": 30081
    }
  },
  "device": "cuda",
  "init_checkpoint": {
    "checkpoint_path": "models/exported/pattern3__convnextv2_tiny__cornea_crop_scale_v1__augplus_v2__weighted_sampler_tempered__holdout_v1__seed42/best.pt",
    "loaded_keys": 202,
    "missing_keys": [
      "ordinal_head.weight",
      "ordinal_head.bias"
    ],
    "skipped_shape_mismatch_keys": [],
    "unexpected_keys": []
  },
  "test": {
    "accuracy": 0.8518518518518519,
    "balanced_accuracy": 0.8427257776851272,
    "classification_report": {
      "accuracy": 0.8518518518518519,
      "flaky": {
        "f1-score": 0.7096774193548387,
        "precision": 0.6111111111111112,
        "recall": 0.8461538461538461,
        "support": 13.0
      },
      "macro avg": {
        "f1-score": 0.8142993618998666,
        "precision": 0.801972101972102,
        "recall": 0.8427257776851272,
        "support": 108.0
      },
      "point_flaky_mixed": {
        "f1-score": 0.8157894736842105,
        "precision": 0.8857142857142857,
        "recall": 0.7560975609756098,
        "support": 41.0
      },
      "point_like": {
        "f1-score": 0.9174311926605505,
        "precision": 0.9090909090909091,
        "recall": 0.9259259259259259,
        "support": 54.0
      },
      "weighted avg": {
        "f1-score": 0.853837585891993,
        "precision": 0.8643485115707337,
        "recall": 0.8518518518518519,
        "support": 108.0
      }
    },
    "ece": 0.06909163958496514,
    "macro_f1": 0.8142993618998666,
    "mean_brier_like": 0.12083454430103302,
    "pr_auc_macro_ovr": 0.8835326173255229,
    "roc_auc_macro_ovr": 0.9463162628481614,
    "weighted_f1": 0.853837585891993
  },
  "val": {
    "accuracy": 0.8207547169811321,
    "balanced_accuracy": 0.7245375169903472,
    "classification_report": {
      "accuracy": 0.8207547169811321,
      "flaky": {
        "f1-score": 0.42857142857142855,
        "precision": 0.42857142857142855,
        "recall": 0.42857142857142855,
        "support": 14.0
      },
      "macro avg": {
        "f1-score": 0.7236263736263736,
        "precision": 0.7232811823916557,
        "recall": 0.7245375169903472,
        "support": 106.0
      },
      "point_flaky_mixed": {
        "f1-score": 0.8,
        "precision": 0.7804878048780488,
        "recall": 0.8205128205128205,
        "support": 39.0
      },
      "point_like": {
        "f1-score": 0.9423076923076923,
        "precision": 0.9607843137254902,
        "recall": 0.9245283018867925,
        "support": 53.0
      },
      "weighted avg": {
        "f1-score": 0.8220972423802613,
        "precision": 0.8241565379027819,
        "recall": 0.8207547169811321,
        "support": 106.0
      }
    },
    "ece": 0.14574127883281346,
    "macro_f1": 0.7236263736263736,
    "mean_brier_like": 0.17325113713741302,
    "pr_auc_macro_ovr": 0.7268898617357961,
    "roc_auc_macro_ovr": 0.8811063686592688,
    "weighted_f1": 0.8220972423802613
  }
}