scenario,task_name,vit_test_balanced_accuracy,vit_test_macro_f1,convnext_test_balanced_accuracy,convnext_test_macro_f1,convnext_minus_vit_test_ba,convnext_minus_vit_test_macro_f1,winner,winner_test_balanced_accuracy,winner_test_macro_f1
1,pattern_3class,0.685727852394519,0.7159065419934985,0.3395061728395062,0.19143155694879832,-0.3462216795550129,-0.5244749850447001,vit_small_patch16_224,0.685727852394519,0.7159065419934985
2,task_tg_5class,0.3406790799561884,0.33203761755485894,0.2,0.17473684210526316,-0.1406790799561884,-0.15730077544959578,vit_small_patch16_224,0.3406790799561884,0.33203761755485894
3,severity_5class,0.38168343261773635,0.3604041913061521,0.3767994829717883,0.34653469915097823,-0.004883949645948071,-0.013869492155173857,vit_small_patch16_224,0.38168343261773635,0.3604041913061521
